{
  "best_config": {
    "lr": 0.0017990983830062004,
    "batch_size": 2,
    "weight_decay": 0.00019123863575396148,
    "lr_step": 15,
    "lr_gamma": 0.1
  },
  "test": {
    "mAP50": 0.6161155385942598,
    "mAP50_95": 0.4054185204121105,
    "AR100": 0.6355667589969661
  },
  "fps": 12.35,
  "tune_val_mAP50_95": null
}