{
  "best_config": {
    "lr0": 0.00011119496586760304,
    "batch": 32,
    "lrf": 0.17718730594231685,
    "weight_decay": 0.00012439020382802588
  },
  "test": {
    "mAP50": 0.5830542661026422,
    "mAP50_95": 0.3888667750216143,
    "AR100": 0.7909043195981272
  },
  "fps": 36.41,
  "tune_val_mAP50_95": 0.21611766453705442
}