{
  "best_config": {
    "lr0": 0.005450640980666953,
    "batch": 32,
    "lrf": 0.05594077363612017,
    "weight_decay": 2.1853888242413408e-05
  },
  "test": {
    "mAP50": 0.5968736490561418,
    "mAP50_95": 0.401849978816146,
    "AR100": 0.7901105737195597
  },
  "fps": 37.25,
  "tune_val_mAP50_95": 0.1915389359135132
}