{
  "lr0": 0.000241192730385808,
  "batch": 2,
  "lrf": 0.0329689111296335,
  "weight_decay": 0.000138918980947473,
  "optimizer": "AdamW",
  "val_mAP50_95": 0.137076211094966,
  "val_mAP50": 0.274558280108472
}