{
  "checkpoint": "rtdetr_resume/kaggle/working/rtdetr_resume/weights/best.pt",
  "device": "cpu",
  "torch": "2.12.0+cu130",
  "best_config": {
    "lr0": 0.000241192730385808,
    "batch": 2,
    "lrf": 0.0329689111296335,
    "weight_decay": 0.000138918980947473,
    "optimizer": "AdamW",
    "val_mAP50_95": 0.137076211094966,
    "val_mAP50": 0.274558280108472
  },
  "final_training_last_epoch": {
    "epoch": 40,
    "val_mAP50": 0.30747,
    "val_mAP50_95": 0.16241,
    "precision": 0.37721,
    "recall": 0.42568
  },
  "val": {
    "mAP50": 0.31448726287754636,
    "mAP50_95": 0.16592410268145913,
    "mean_recall": 0.4621833763383809,
    "AR100": 0.4621833763383809
  },
  "test": {
    "mAP50": 0.5550875758587441,
    "mAP50_95": 0.3680211517031425,
    "mean_recall": 0.7708079032805903,
    "AR100": 0.7708079032805903
  },
  "fps": 2.613120031132304
}